title,rating,total_rating,price
"Samsung Galaxy Tab S10+ Plus 12.4‚Äù 512GB Android Tablet, Galaxy AI Tools, Circle to Search, AMOLED 2X Display, Long Battery Life, Durable Design, S Pen for Note-Taking, US Version, Moonstone Gray",4.6,(665),"1,059"
"2025 Android 15 Tablet 10.1 Inch Tablets, 30GB RAM 128GB ROM 1TB Expand, 8000mAh Battery, BT5.0, 2.4/5G Wi-Fi 6, Metal Body with Keyboard & Mouse, Gemini AI, Widevine L1 HD IPS Display - Green",4.4,(111),109
"Android 16 Tablet,11 Inch Tablets with Octa Core Processor, 28GB RAM 128GB ROM 1TB Expand, Widevine L1, 8000mAh Battery, 2.4/5Ghz Dual WiFi/GPS/FM, 5/8MP Cameras, Case Included, Blue",4.4,(766),80
"Samsung Galaxy Tab S10 Lite, 6GB RAM, 128GB, 2TB Expand, Long Battery Life, 10.9‚Äù LCD, S Pen for Note-Taking, Exynos 1380, Circle to Search, AI Tools, Gray",4.6,(530),279
"2026 12 Inch Android 16 Tablet with Keyboard, 24GB+256GB+2TB Expand, 2K Gemini AI Tablet with 5G WiFi, Octa-Core, 8000mAh, BT5.0, 16+8MP, 2 in 1 Tablets PC with Case, Mouse, Stylus (Pink Case)",4.4,(30),189
"SAMSUNG Galaxy Tab A9 4G LTE (64GB, 4GB, Cellular) 8.7"" Android Tab, Octacore (6nm), Dual Speakers (International Model) X115 (w/15W Fast Charger, Graphite)",4.4,(637),151
"2026 Android 16 Tablet 11inch, Face Unlock, 18W Fast Charging, 32GB+128GB+1TB Expand, Octa-core CPU, 8000mAh Large Battery, WiFi6, Touchscreen Display, Widevine L1 Tableta, Black",4.4,(1.4K),94
Lenovo Idea Tab Plus - Lightweight Tablet - 12.1‚Ä≥ 2.5K IPS Touchscreen Display - 90Hz - MediaTek Dimensity 6400-8GB Memory - 128GB Storage - Integrated Arm Mali-G57 MC2 - Lenovo Tab Pen & Folio Case,4.6,(90),199
"Samsung Galaxy Tab S10+ Plus 12.4‚Äù 512GB Android Tablet, Galaxy AI Tools, Circle to Search, AMOLED 2X Display, Long Battery Life, Durable Design, S Pen for Note-Taking, US Version, Moonstone Gray",4.6,(665),"1,059"
"Amazon Fire HD 8 Plus tablet, 8‚Äù HD Display, 64 GB, 30% faster processor, 3GB RAM, wireless charging, (2022 release), Gray",4.5,(6.9K),N/A
"2026 Android 15 Tablet, 10 inch Tablet with Keyboard, 24GB+256GB+2TB Expand, 2-in-1 Tablets with 8-Core, 5G WiFi, 8000mAh, BT5.0, GMS, GPS, Gemini AI, Tablets PC with Mouse, Case, Stylus (Black)",4.5,(17),119
"2026 10 Inch Tablet, Android 15 Tablet with Keyboard, 24GB RAM + 256GB ROM (2TB Expand), Tablets PC with 8-Core, Gemini AI, 5G WiFi, 8000mAh, BT5.0,GPS, 2-in-1 Tablets with Mouse, Case, Stylus (Black)",5.0,(2),119
"Android 15 Tablet 10 Inch, 20GB RAM+128GB ROM/ 2TB Expandable, 2.0GHz Quad-core Processor, 1280*800 HD Screen, 5G WiFi6 BT 5.0, 2 in 1 Tablets with Keyboard Case Mouse Stylus, Widevine L1 Pink",4.2,(2.2K),74
"Samsung Galaxy Tab S10 Lite, 8GB RAM, 256GB, 2TB Expand, Long Battery Life, 10.9‚Äù LCD, S Pen for Note-Taking, Exynos 1380, Circle to Search, AI Tools, Gray",4.6,(530),349
"Tablet 10 Inch, Android 16 Tablets with Octa-Core Processor, 24GB RAM 64GB Storage 2TB Expandable, 1280x800 IPS HD Display, GPS, 5MP+8MP Dual Camera, 6000mAh Battery, Tablet with Case, Blue",4.4,(102),76
"Android Tablet 12 Inch with ùüëùüéùêÜùêÅ ùêëùêÄùêå ùüèùüêùüñùêÜùêÅ ùêëùêéùêå, Octa-Core Processor, 2000 * 1200 FHD IPS Touch Screen, 5MP+13MP Dual Camera, 8800mAh Battery, 2K Android 16 Tablet, 2.4G/5G WiFi, BT 5.0",4.3,(134),101
"2026 Android 15 Tablet, 10 inch Tablet with Keyboard, 24GB+256GB+2TB Expand, 2-in-1 Tablets with 8-Core, 5G WiFi, 8000mAh, BT5.0, GMS, GPS, Gemini AI, Tablets PC with Mouse, Case, Stylus (Black)",4.5,(17),119
"Tablet Android Tablets 10 Inch-Electronics Tablets with Keyboard, 18GB+128GB/2TB TF Upgradeable Android 16 Tablet, Gemini AI 2 in 1 Tablet with Pen, BT5.0, GPS, OTG, Suitable for Joy and Office",4.5,(71),199
"Kids Tablet 7 Inch Tablets for Kids 3-12, 32GB Toddler Tablet with Dual Camera, Parental Control, Solid Case, WiFi, GMS, YouTube, Netflix, Android Learning Software Installed (Blue)",4.1,(211),40
Tablet 10 Inch Android 15 OS GMS Certified Tablets PC 1.8 GHz 5-Core 16 (3+13) GB RAM 32 GB ROM 1 TB Expandable 1280x800 HD IPS Touch Screen 5000 mAh WiFi 6 Bluetooth 5.4 Dual Camera 2025 (Black),4.0,(441),59
"Bpad 13 Tablet 13.4 inch Large Screen Android 15 Tablet 20GB+256GB 10000mAh, Unisoc T615 Octa-Core 1920x1200 FHD with Widevine L1, 8MP+16MP Camera 2.4G/5G WiFi+BT5.0+GPS with Protective Case",4.1,(297),179
"2026 Android 15 Tablet with Keyboard, 26GB+256GB+2TB Expand, 10 Inch Tablet PC with Gemini AI, Octa-Core, 8000mAh, 5G WiFi, Widevine L1, GPS, GMS, 2 in 1 Tablets with Case, Mouse, Stylus (Green Case)",5.0,(3),119
"Android 15 Tablet 30GB+128GB+1TB Expand, 2026 10.1 Inch Octa-Core 8000mAh Electronics Tablets with Keyboard Mouse, Gemini AI, 5G WiFi, 1280x800 IPS Touchscreen, GPS, BT5.0, Widevine L1 -Metal Black",4.3,(93),109
"SAMSUNG Galaxy Tab S10+ Book Cover Keyboard AI Key, Detachable Platform, PC-Like Experience, Adjustable Viewing Angles, Wireless Keyboard Sharing, US Version, Black",4.4,(474),229
"Lenovo Tab M11, 11‚Äù Display, MediaTek Helio G88 Octa-Core, 4GB RAM, 128GB SSD, 1920x1200 px, Ambient Light-Sensor, 10 Hour Battery, Comes w/Folio Case, Luna Grey",4.4,(1.2K),199
"10 inch Android Tablet: Octa-Core, 7000mAh, with Stand Case, IPS HD Display, Wi-Fi 6, OTG, Metal Body ‚Äì Fast & Portable Tablet for Work & Entertainment, 2-Year Protection, 8GB RAM 64GB, Android 15",3.6,(981),69
"Android 15 Tablet with Case, 7 Inch 8GB RAM+32GB ROM/ 1TB Expandable Computer, 5MP Camera Tablets, 1.6Ghz Quad-core Processor, 3000mAH Battery Tablet PC, 5G WiFi, Games 7'' Android Laptop Blue",3.6,(639),39
"Android 15 Tablet 30GB RAM 128GB ROM 1TB TF, 2025 Electronics Tablets 10.1 Inch 8000mAh with Keyboard Mouse, 2.0GHz, 5G WiFi, BT 5.0, GMS Certified, Incell Display, Gemini AI - Metal Black",4.3,(177),109
"Lenovo Tab M9-2023 - Tablet - Long Battery Life - 9"" HD - Front 2MP & Rear 8MP Camera - 3GB Memory - 32GB Storage - Android 12 or Later - Folio Case Included,Gray",4.3,(1.6K),129
"Gleeso Tablet, Latest Android 15 Tablet 10 Inch, 8-Core, 20GB+64GB+1TB TF, Dual Camera, Widevine L1, Face ID, 5000mAh Battery, WiFi 6, BT 5.4, 2-in-1 Tablets with Keyboard Mouse Pen Protective Case",4.3,(98),79
"TabletÔΩú14 inch Android 15 TabletÔΩú30GB RAM 256GB ROMÔΩú1920 * 1200 IPS FHDÔΩú10000mAh 30W Fast ChargingÔΩúOcta-core ProcessorÔΩúWi-Fi 6, BT 5.4ÔΩúDual Camera with KeyboardÔΩúMouseÔΩúStylusÔΩúCaseÔΩúHeadphone",4.4,(255),249
Google Pixel Tablet - Android Tablet with 11-Inch Screen and Extra-Long Battery Life - Hazel - 8 GB RAM - 256 GB,4.4,(111),N/A
"TCL NXTPAPER 11 Gen 2 Android Tablet, 11"" Drawing Pad & Digital Notebook, Stylus & Flip Case Included, NXTPAPER 4.0 Display, Android 15, AI Tools, 8+8GB RAM, 128GB Storage, 8000mAh Battery, Gray",4.4,(151),229
"11"" Tablet, 2025 Android 16 with Octa-core Processor, 8GB RAM+128GB ROM(1TB Expandtion), 7000mAh Battery, HD IPS Large tableta,WiFi 6&BT5.0, Support GMS (Case not Included)",4.3,(509),89
"2026 New Android Tablet US Version - Octa-Core, 24GB RAM, 64GB+1TB Expand | Dock Station Included | 12-Month Protection",4.3,(369),139
"Tablet,10.1"" Android 15 Tablet with Octa-core Processor 24GB RAM 128GB ROM HD IPS Touchscreen 8H Battery, Wi-Fi 6, BT 5.0, Dual Camera, Android Tablets",4.0,(2.8K),68
"Samsung Galaxy Tab S10+ Plus 12.4‚Äù 256GB Android Tablet, Galaxy AI Tools, Circle to Search, AMOLED 2X Display, Long Battery Life, Durable Design, S Pen for Note-Taking, US Version, Platinum Silver",4.6,(665),999
"Samsung Galaxy Tab S6 Lite (2024) 10.4"" 64GB WiFi Android Student Tablet, S Pen for Note-Taking, Gaming Ready, Long Battery Life, Expandable Storage, US Version, Oxford Gray, Amazon Exclusive",4.5,(3.8K),319
"Samsung Galaxy Tab S11 512 GB WiFi Android Tablet, Large Display, Durable, Slim, Light, High Performance, Long Battery Life, S Pen for Note-Taking, AI Assist, US Version, Silver",4.6,(220),859
"2025 Latest Upgraded Android 15 Tablet 10 Inch, 24GB+128GB+1TB Expand, WiFi 6 BT 5.4, Type-C Fast Charging, Dual Camera, Widevine L1 HD IPS Screen with Keyboard",4.2,(446),89
"Lenovo Tab Plus - 2024 - Premium Entertainment Tablet - 8 JBL¬Æ Speakers - 11.5"" 2K LCD Touch Display - 8GB Memory - 128GB Storage - MediaTek‚Ñ¢ Helio G99 - Folio Case Included - Luna Grey",4.6,(300),N/A
"Tablet 11 inch Android 15 Tablets, 12GB+128GB+2TB Expandable, 2 Years Protection, Octa-Core, Touch Screen Electronics Tablet for Gaming, Learning,8000mAh Large Battery,Wi-Fi & BT 5.0,Gray",4.3,(51),84
"Android E-Ink ePaper Tablet, Paperwhite eBook Reader Digital Notebook for Note Taking, Drawing Paper White Graphics Notepad with Stylus and Case, Cloud Sync and Screen Casting - Model Mini 9.7"" Silver",3.8,(112),269
"Android Tablet 10 Inch, Android 15 Tablet for Kids Adults, 20GB RAM 64GB Storage 1TB Expandable, Dual Cameras 8MP 2MP, 6000mAh Dual Speakers WiFi 6 Gray",4.0,(197),62
"Tablet 10.1 Inch Android 15 Tablets - 12GB RAM 128GB Storage Octa-Core WiFi Tablet with HD Touch Screen, Dual Camera, Long Battery Life, Large Screen Android Tablets for Reading & Streaming",5.0,(1),83
"Lenovo - Yoga Tab Plus - 12.7"" 3K (2944 x 1840) Tablet - 256GB with Keyboard Stand + Pen - Seashell 16GB LPDDR5X AI Computing Power ZAEG0096US",4.4,(12),559
"Samsung Galaxy Tab A9+ Plus (128GB, 8GB) 11.0"" Android Wi-Fi Tablet, All Day Battery, Snapdragon 695 (6nm), 4-Speakers, International Model X210 (w/Fast Charger, Navy)",4.5,(794),199
"Lenovo Tab K10 ZA8S0000US Tablet - 10.3"" WUXGA - Helio P22T Octa-core (8 Core) 1.80 GHz - 3 GB RAM - 32 GB Storage - Android 11-4G - Abyss Blue",4.0,(74),129
"TECLAST Android 16 T65 13.4 inch Large Tablet, 20GB+128GB,120Hz 1920x1200 IPS Display,2.2Ghz Octa-Core Processor,10H 8000mAh Battery, 2.4GHz+5GHz WiFi,4G LTE,GPS, 3.5mm Headphone Jack for Music Lovers",4.5,(439),189
"TECLAST Artpadpro Android 15 Tablet, 12.7‚Äù 2176x1600 Display, 20GB+256GB, Gemini Ai, 10000mAh+30W Fast Charge, 13 inch Tablet with Widevine L1, 5G WiFi,4G LTE,GPS - Includes Pen",4.5,(507),279
"Tablet 10 inch Android 13 Tablets, 6GB RAM 64GB ROM, Quad-Core Processor, 1280x800 LCD Touch Screen, WiFi, GMS, Dual Camera, Bluetooth, 6000mAh Battery",4.2,(71),54
"Android 15 Tablet,11 inch Tablets, Octa Core CPU, 20GB+128GB+1TB Expansion,8000mAh Battery+ 18W Fast Charging, Wi-Fi6, Dual Cameras, Support Widevine L1 Google Kids Space",4.2,(45),85
"Tablet, 2026 Lastest Android 16 Tablet with Keyboard & Mouse, 10 inch Tablets, 24GB RAM 256GB ROM (2TB Expand), Octa-Core Gaming, 5G WiFi , Widevine L1 FHD, GPS, 2-in-1 Laptop Bundle for Work/School",4.5,(212),129
"PRITOM Tablet 10 inch, 64GB, Tablet Android 13, HD IPS Screen, Dual Camera, WiFi, Bluetooth, Tablets with 6000mAh Battery, Touch10 Tab GMS Certified",3.8,(3.6K),55
